{
  "scope": "post_hoc_six_model_extension",
  "n_rows": 1020,
  "n_cells": 204,
  "structured_accuracy": 0.6519607843137255,
  "natural_gpt_accuracy": 0.7323529411764705,
  "natural_opus_accuracy": 0.7068627450980393,
  "natural_mean_accuracy": 0.7196078431372549,
  "delta_pp": 6.764705882352939,
  "judge_agreement": 0.9392156862745098,
  "judge_disagreements": 62,
  "wilcoxon_natural_mean": {
    "n_cells": 204,
    "n_positive": 44,
    "n_negative": 23,
    "n_zero": 137,
    "mean_delta": 0.06764705882352942,
    "statistic": 682.5,
    "p_value": 0.004301216114986462
  },
  "wilcoxon_natural_gpt": {
    "n_cells": 204,
    "n_positive": 44,
    "n_negative": 19,
    "n_zero": 141,
    "mean_delta": 0.08039215686274509,
    "statistic": 535.5,
    "p_value": 0.0011656518767584104
  },
  "wilcoxon_natural_opus": {
    "n_cells": 204,
    "n_positive": 40,
    "n_negative": 21,
    "n_zero": 143,
    "mean_delta": 0.054901960784313725,
    "statistic": 629.5,
    "p_value": 0.02275089221038296
  },
  "exact_mcnemar_gpt": {
    "b_structured_only": 56,
    "c_natural_only": 138,
    "discordant_total": 194,
    "exact_p_value": 3.5668897166099734e-09
  },
  "exact_mcnemar_opus": {
    "b_structured_only": 63,
    "c_natural_only": 119,
    "discordant_total": 182,
    "exact_p_value": 4.007639265526994e-05
  },
  "by_model": {
    "claude-opus-4.6": {
      "n_rows": 170,
      "structured_accuracy": 0.6176470588235294,
      "natural_mean_accuracy": 0.7235294117647059,
      "delta_pp": 10.588235294117643
    },
    "claude-sonnet-4.6": {
      "n_rows": 170,
      "structured_accuracy": 0.5647058823529412,
      "natural_mean_accuracy": 0.711764705882353,
      "delta_pp": 14.70588235294118
    },
    "gemini-3-flash": {
      "n_rows": 170,
      "structured_accuracy": 0.6352941176470588,
      "natural_mean_accuracy": 0.6676470588235294,
      "delta_pp": 3.2352941176470584
    },
    "gemini-3.1-pro": {
      "n_rows": 170,
      "structured_accuracy": 0.7235294117647059,
      "natural_mean_accuracy": 0.7176470588235294,
      "delta_pp": -0.588235294117645
    },
    "gpt-5.2-thinking-high": {
      "n_rows": 170,
      "structured_accuracy": 0.6411764705882353,
      "natural_mean_accuracy": 0.6823529411764706,
      "delta_pp": 4.117647058823525
    },
    "gpt-5.3-instant": {
      "n_rows": 170,
      "structured_accuracy": 0.7294117647058823,
      "natural_mean_accuracy": 0.8147058823529412,
      "delta_pp": 8.529411764705886
    }
  }
}
